,acousticness,artists,danceability,duration_ms,energy,explicit,id,instrumentalness,key,liveness,loudness,mode,name,popularity,release_date,speechiness,tempo,valence,year
83402,0.865,"['Elis Regina', 'Antônio Carlos Jobim']",0.654,214366,0.39299999999999996,0,15ouqiBsgL12olEwP3COsH,2.97e-06,3,0.12300000000000001,-13.392000000000001,1,Águas De Março,67,1974-06-17,0.129,143.80100000000004,0.5329999999999999,1974
159741,0.158,['blink-182'],0.40299999999999997,259754,0.8809999999999999,0,153bsdXSG7KD3Q8ShRNpNK,9.86e-06,2,0.107,-7.224,1,Asthenia,49,2003-11-01,0.10800000000000001,174.835,0.287,2003
169088,0.983,"['Sergei Rachmaninoff', 'Valentina Lisitsa', 'London Symphony Orchestra', 'Michael Francis']",0.19399999999999998,644273,0.0545,0,4rrrn8OLrttq7r9RgNXalU,0.945,4,0.0551,-24.877,1,"Piano Concerto No. 2 in C Minor, Op. 18: 2. Adagio sostenuto",57,2012-01-01,0.0366,140.966,0.0385,2012
96469,0.142,['Joe Arroyo'],0.5710000000000001,376013,0.755,0,00Ro1lnV3V6i87aY4t8Q43,2.55e-05,1,0.136,-7.907,1,La rebelion,68,2007-05-12,0.0735,107.95100000000001,0.875,2007
134718,0.0109,['Carly Rae Jepsen'],0.7829999999999999,193467,0.584,0,6ol4ZSifr7r3Lb2a9L5ZAB,2.91e-06,7,0.10800000000000001,-6.572,1,Call Me Maybe,53,2012-01-01,0.0409,120.031,0.632,2012
